水质类别,序号,R通道一阶矩,G通道一阶矩,B通道一阶矩,R通道二阶矩,G通道二阶矩,B通道二阶矩,R通道三阶矩,G通道三阶矩,B通道三阶矩
1,1,26.6282,148.3218,134.4395,0.7345507198281137,20.983732860480284,3.728423225708154,0.5205152628522457,-13.66262817916958,-2.8816537686372063
1,10,31.2652,98.557,174.3634,19.947954004358444,70.43063219224999,25.177520537971965,31.464930452668856,-39.68757511655312,21.760808867357255
1,11,28.0645,114.3723,150.0416,0.6792199570095095,4.793275780716147,1.7915550340416562,0.6646099223615662,2.407946386110151,-1.08730268668464
1,12,30.8168,123.8208,149.8334,0.8432305497312108,3.0766357210433606,1.5893534660357964,0.7204414443493106,-2.480070448168764,-0.908260943309155
1,13,30.7409,129.3481,146.5648,0.642002484418869,4.8361272098653485,1.4443687063904425,0.4727732046088043,-4.578858574763761,0.34696819598513273
1,14,28.8868,106.7717,146.1097,0.7041205578592348,4.043683853863949,1.6203906658580824,0.6512554953540528,-1.714902571721758,1.1083858282793964
1,15,28.2869,130.2517,149.5414,0.5799899912929534,3.6250444286932537,1.2855683723552007,0.41399488083240604,-2.6181459935344984,0.5881137075206103
1,16,24.4689,106.0376,147.5605,0.9792000765931342,13.520199193798884,5.41059513824496,0.4820487940622513,11.414148285043785,11.449017604393445
1,17,24.336,105.9238,147.5828,1.0576880447466541,12.922747136735286,5.464260623359761,-0.5528629644087396,10.66177893022151,11.396135628048473
1,18,24.9933,88.1872,155.6351,1.1626070316319268,3.901891356765332,3.798756110886825,0.4229657219399467,-3.4668206993012807,-1.9630889743734325
1,19,24.0404,142.7724,151.4209,0.729772457688011,3.927416229533101,3.0689319298413897,0.5366908261805263,-2.7473536742525555,-2.1908717675902567
1,2,35.7808,83.1867,145.6268,27.132348799173283,56.37301520328676,18.695623064236184,38.98962318923602,33.02054935854841,18.977711304483233
1,20,24.1143,156.6057,144.771,0.5559096239497927,3.8712049170768523,1.8398801591408067,0.6068098729130325,2.94767839267001,-1.5762087676084071
1,21,23.1937,154.9843,156.7072,0.5009793508718697,4.673719451357773,1.877782777639629,0.4828702131981374,2.1719114978611866,-1.640180359589108
1,22,25.9095,123.9286,143.5932,0.5080450275320092,3.3775289843315925,1.6960288205098404,-0.5587920233246609,-2.0784111871998143,1.4112055138204314
1,23,28.5164,139.4257,164.4472,0.6342957039110386,3.528948782569676,1.8564514968078212,0.30510128997356273,-2.8165257520234657,0.6214973210839032
1,24,32.9735,132.3512,140.952,0.6395293191089834,4.052586650523342,1.2444661506043464,-0.7809926378478889,1.9125418263556258,-0.30248740789508766
1,25,33.9286,110.0427,152.2008,0.4854915447255493,2.77327905375568,1.1967787431267316,-0.4901382765214155,2.790563266284119,-0.36618299093865464
1,26,29.4243,142.2285,147.3434,0.5630892558023106,3.990123776275618,1.3311184920960266,0.39560881133711495,2.4127140013373154,-0.5048619810280686
1,27,26.769,186.3106,177.0474,0.43132238522942434,2.387494008369445,2.1309981792577863,-0.4477227870211625,-1.2643453001068117,-1.608220515963323
1,28,25.9677,185.6546,179.6278,0.3694004737408982,2.5446608497008003,2.2005152033103523,-0.2670443357760602,-1.8905056103048266,-0.2783343547749227
1,29,27.172,134.8536,123.1686,0.823295815609432,4.818606337936313,3.9049934750265582,0.8215786048792626,-1.8696461807531706,1.8501413394534014
1,3,27.0256,126.1806,154.3309,0.4890241711817524,4.322936922972622,1.5798117577736912,-0.2859569171088898,-2.264816241739019,0.8264503927517284
1,30,27.0081,157.3849,154.8593,0.5892659756001529,3.3585044275689144,2.7935467617349814,-0.35657850832915966,2.46719702295943,1.482570562778119
1,31,28.6578,133.5746,133.444,0.6805138940536042,3.677395116111403,1.658572880521082,-0.3667018664271716,0.9846780645870424,1.3154990502236774
1,32,26.107,178.6871,207.5932,0.3648986160565698,2.7952805923556223,4.580558236721808,0.39797620709091386,0.7894207250658541,-3.658868552609575
1,33,25.9123,178.7257,207.6777,0.4467759057961832,2.2263107397665762,5.051259517189748,-0.3255679922145301,-0.7552467668810683,-3.859187626277121
1,34,29.8231,188.4955,159.794,0.4106170843985915,4.363230425957354,2.642643373593948,-0.4827228772901632,-1.9711710150052641,1.7194969197521244
1,35,29.7365,195.5934,156.3325,0.5083972364204982,4.118382745690351,2.4757511486415593,-0.5146163551804365,-2.81416539228503,2.0960864115109135
1,36,24.8975,194.9038,159.3797,0.3062576529656034,2.230817240385236,1.4997092751596892,-0.42723214300142787,-1.4406258008910724,-0.999941244832596
1,37,28.3578,159.8563,148.76,0.6499070395064205,3.1845329814589767,1.6250538452617502,0.6313119156163154,-2.044872343018066,-1.279969074773661
1,38,28.6984,122.5435,159.5399,0.6677105959920061,2.2583418142522182,2.2936015325247756,0.6367971688299511,1.2394804938241177,1.2276268389797864
1,39,31.3833,132.629,151.7443,0.8029826336851874,3.666573195778314,1.2218500358063584,0.8844881720593136,3.1985464941194484,0.4910892395539516
1,4,28.1807,127.7494,154.4197,0.6262966629321922,2.540472326162991,1.7789187474418273,0.8020584074300448,0.7127294918109113,-1.0682133584752358
1,40,29.8297,104.1794,158.6182,1.4492404596891435,38.65033267178951,7.015299620116022,1.64830327672173,-31.52146613874259,-5.052948483558719
1,41,29.4271,134.1149,141.8658,0.7097081019686897,3.3044966318639215,1.6330310346101815,0.42435835637430835,-2.8452032499491215,0.4237062249148233
1,42,23.7242,138.1576,153.5788,0.6371297826973716,3.2340318860518367,2.001646961879142,0.45020401116010234,1.7066278999538365,-1.6670646935190405
1,43,23.7242,138.1576,153.5788,0.6371297826973716,3.2340318860518367,2.001646961879142,0.45020401116010234,1.7066278999538365,-1.6670646935190405
1,44,27.054,131.8952,150.6248,0.5162208829561238,4.3043486104171444,1.7402945038125015,0.3439000971838586,-3.6539765027739013,-0.605287480355702
1,45,24.2556,153.577,149.9786,0.5506983203170317,3.0001118312489616,1.615655297394837,0.6588186022294966,2.2749350521087415,-1.2160812721353806
1,46,24.5274,150.1807,154.615,0.6150197070013285,2.7272784071304494,1.7549287734834143,0.5769372256817947,1.287379681950039,-1.34960084221117
1,47,26.7901,165.0175,185.4306,0.4405019750239493,2.7387942146134305,2.745975899384407,-0.45284450445266566,0.40267471807157246,1.863427231161513
1,48,28.397,145.2256,164.4551,0.5238234435379922,2.897223608905602,2.1048477355856408,0.24568347816771563,-2.0544599827450885,1.5078753567796899
1,49,26.9374,154.182,189.3472,0.37613992077417147,2.77454068270768,2.3183296055565528,-0.32953257592197543,-1.734295191526674,-1.6730814180034383
1,5,22.7359,146.8964,159.6376,0.7892725701555832,3.6829427147323375,2.6193255315061545,0.7114345712339528,2.1567893522996755,-2.2576150781302475
1,50,26.5032,152.5625,146.2353,0.692812932904691,4.355696700873466,2.5057401920390707,-0.4175670648266866,1.9619570624050668,-0.6242697887311627
1,51,31.1719,140.5809,145.2901,0.8290659744555917,33.70279892219636,9.57733480619739,0.7432302336398956,-36.30985216116747,9.94282276826126
1,6,24.482,113.1099,150.5304,0.6202225407061566,2.969448095185366,2.181805637539696,0.5352886159266528,2.2539553574953044,1.4385921729645714
1,7,25.4594,163.7855,156.2555,0.5489550436966582,2.6729926580520194,1.6039388236463386,0.46434687382148165,-1.4513414850026818,-1.296894390025879
1,8,25.383,163.7362,155.8114,0.5233650733474675,2.6777620431995075,1.5460368818369117,0.49985912564589463,0.9031249739062098,-1.2457561357668168
1,9,25.2205,172.6259,157.1678,0.6464361917467184,3.703882988162558,1.5653891401182007,0.4357717927488224,1.3810032286934608,-0.743907866004537
2,1,37.5902,84.5207,140.0538,0.9212295913614585,3.269674526615761,1.5118550062754033,-0.9644986839718585,3.7534455850180346,-0.4703703106261424
2,10,27.6461,65.6117,147.9031,1.4122516737465742,2.5552148852885157,2.3509807293978398,1.441309400936195,-2.2264828106221395,-1.8679632333629235
2,11,59.1014,23.1353,165.5133,36.479771353998366,26.15919711898666,13.514422781236348,28.497174478222437,32.13061625903042,-11.25981680958577
2,12,60.4293,23.2147,164.8015,41.860613964799896,21.8503913903161,19.93073751144197,29.968817169975843,24.326356582149863,-9.533172506030548
2,13,35.5076,65.3501,129.7638,1.151235093280256,13.712094296277284,8.398428993567784,1.0273712328937403,-5.471061501238937,3.614761748963767
2,14,34.3869,70.6431,126.4149,1.3152978331921634,10.021353321283508,5.742748295894572,-1.0961952357294273,6.9592414321405505,4.303593900586121
2,15,28.4195,56.703,133.7865,1.7908991456807386,4.740990508322074,4.567813235017386,-1.3484180134154384,-2.1666174335742654,-2.040041999868132
2,16,102.2972,30.2624,191.3633,33.51961324597884,12.925700996077545,47.926240339818015,-41.9327958374149,18.50692108193367,-58.99312194815248
2,17,33.8186,95.8523,143.9718,0.7789056682294717,3.0146450388063935,1.0883954979693733,-0.7605144037617064,1.6928014473633963,-0.5368911573391754
2,18,32.2957,115.3237,150.4044,0.7609609122681663,3.0921058051108146,1.2910695720990408,-0.8289603409878098,1.6089833448977844,-0.7533601210457175
2,19,34.0173,96.6592,145.9358,0.6329302568213974,3.0885361192642704,1.1267113028633378,-0.5850922537597938,-1.3989937849104983,0.3736482089189008
2,2,36.4332,96.6618,135.982,0.8586837368903641,4.232755693398805,1.9241299332425552,0.9809946048140412,-3.8228612500191304,0.4816389805941048
2,20,37.0731,102.3932,138.1916,0.51880284309167,2.859404441487772,1.6247736580828727,0.40017364498681074,-2.6094933683310355,0.5656213245696445
2,21,33.8343,90.3733,141.5739,0.8262224337307721,3.2048942431849445,1.2763772130526303,-0.9464533949903677,-3.6131770708386615,0.37888720345228927
2,22,38.0426,74.3159,144.8419,0.8722300384646243,2.2688118454380475,1.2000434950450756,0.6547535833186429,2.1736020708254444,0.541401615037057
2,23,34.0957,88.6769,137.9191,0.8189881012566667,4.458015970137388,2.6099722584732583,-0.5098658560613651,1.9014031223054322,1.576839674439095
2,24,36.1042,86.0136,134.2689,0.7771372851691005,4.343272388418669,1.5216414787984718,0.8185639410892108,3.739664474435249,1.2487837187866273
2,25,50.2377,51.8647,171.8935,47.25295333320448,41.35924798530553,29.315029553967708,53.89936115457057,24.894377853595127,-14.065564024284395
2,26,30.9056,103.5081,146.5745,1.3848785650734867,3.875426994538795,7.652976528776238,0.27138427274126575,1.9100816246543768,5.832711049974773
2,27,29.0405,116.4154,177.1235,0.3271998624694088,1.9839462795146445,3.413919704679652,0.30156885633106917,1.8070529015660275,-1.9776942127997923
2,28,28.1709,128.8696,173.8227,0.3966020549618975,2.1808704317313303,4.657817590889535,0.4727622726269101,-0.968398123055923,-2.54891483873706
2,29,27.9205,115.1374,163.7797,0.7628759728815687,2.837273557484368,2.8581756261643547,0.45565638910198347,1.425443970947268,1.919430774829195
2,3,38.7116,80.6071,140.8033,0.7748712409168377,2.705573800508868,1.6728446162151467,0.6712693200330323,1.880293910762167,0.9827893991297597
2,30,33.0274,122.7918,143.6371,0.29974862802021296,3.383763106365456,1.05934111125737,-0.28767131657977035,1.2349890844132771,0.5411084633978499
2,31,33.0331,118.4373,142.2975,0.6610630756591992,3.5171392793007215,1.396994541864785,0.3600339458267993,0.7773430506474833,-0.5383535024783207
2,32,33.1116,127.5041,143.0125,0.47512676203303894,3.671673077767137,1.225701329851608,-0.2569743054348359,1.1467472995712003,0.5333994804567915
2,33,34.3495,101.5316,140.9328,0.7644277271266395,3.028366133742748,1.0842897029853231,0.375434222341824,-1.711108624263919,0.3400501399643216
2,34,33.1258,112.4031,145.6313,0.5159208854078308,3.1171477972659556,1.2053050692666982,-0.32089938706794563,1.0198383357722307,0.2536485860698038
2,35,33.3315,111.3177,145.8473,0.5016051734182971,3.7792547823611997,1.0950720113307617,0.3790159482339202,-2.6988505146954527,0.4089765264394686
2,36,31.5273,103.7963,141.9509,1.5028821344337022,3.095352372509469,3.608668617371233,-1.3924214933027848,-1.8357633858522109,2.867145280594709
2,37,30.8509,105.9095,136.2528,1.433062870218889,2.5534113945856824,1.2061891062350047,-1.1512347563224956,-2.4036174201774525,1.0725591301660442
2,38,25.4956,113.7372,143.4913,0.7664076200038723,2.93634741813703,1.6012258772577965,0.4879149352759977,2.590211822376754,-0.8738377677358673
2,39,25.4956,113.7372,143.4913,0.7664076200038723,2.93634741813703,1.6012258772577965,0.4879149352759977,2.590211822376754,-0.8738377677358673
2,4,35.7627,97.9118,145.9241,0.7516573088848402,2.5761251444757103,1.5046392225380805,-0.6963908577139274,1.177613452360131,0.23414172534311536
2,40,29.6322,122.5344,139.2863,0.7047858965671774,5.540434697747101,3.1708567154635037,-0.7586036476702444,-5.348219175013958,3.382760679707169
2,41,29.7953,125.726,137.5286,0.5822352703160467,2.6861727420253523,1.7356215140404312,-0.743103610800329,-1.7625673241422593,1.4626424010852868
2,42,25.2987,116.4093,150.8367,0.6098182598118885,3.8264570440552443,2.5457480452707806,-0.20320400107661668,2.1948569749370317,-0.7410704961114725
2,43,25.6246,106.0744,145.5332,0.7562240673239645,4.156544795861101,2.9187150871573606,0.6275564621687085,2.8965472972123054,1.9432182729328396
2,44,31.1972,62.939,142.2052,1.2123168562714948,3.434920523098024,1.7467950538056833,-1.2193058839158137,2.2558684821128736,1.1995794102930462
2,5,34.9707,112.178,134.1166,0.7642260856579026,2.9897685529150917,1.5110937892798049,0.4688494605919788,-2.0807857374139496,-0.481051104319354
2,6,37.8125,86.1157,138.2257,1.0528740427990424,4.992906318968943,1.6834368149710877,0.44788747481167457,3.4848064086081667,-0.7920415352572515
2,7,27.8926,115.2765,137.641,0.7434145815088644,3.0929028031931427,1.6890586135477952,0.4633957489945418,2.306379537803689,-1.2453776928632772
2,8,27.0404,111.8743,137.6173,0.8122609432934713,2.7228844099594096,1.4715436486900415,-0.620434833247548,-2.2149299220584333,-0.8711455164487326
2,9,28.1406,160.7423,135.6736,0.5970189611729263,24.370246012504673,5.446233840003567,0.7747742403575525,-30.584454783366596,6.640292832204824
3,1,28.1144,106.9795,135.7944,3.97709852027832,38.46082526090671,15.578258203021289,11.395573332904124,-38.41819539126508,16.23211738887714
3,10,28.7856,145.9546,142.3417,0.5598505514867339,2.9263866525119333,1.6992177935744435,-0.390056366974477,2.2171710582149973,-0.6943835498409462
3,11,28.3234,156.8984,141.955,0.6373479740298857,3.1139809633329487,1.8850928359102106,0.6697816722415664,2.629605256036055,-0.936361462318302
3,12,24.2368,162.0636,135.4076,0.8148163964967813,8.715799162440584,2.7120217993224167,0.6784369810444498,-7.707575660217109,-1.5205307267831212
3,13,24.1227,154.2288,145.5452,0.45171308371575863,2.7831368202084494,1.5014516176021124,0.6563433055253337,-1.2889255272346725,-1.0282236480100406
3,14,26.3209,125.2101,143.5282,1.4890678930122696,50.85994650007017,12.286578236433446,-1.404131045508187,-49.216486355105864,12.196271392975667
3,15,23.2547,133.3566,139.3193,0.9615757432464693,3.5488641055977332,2.974617203944064,-0.6101344390185652,2.6070678193381975,1.5732148401031405
3,16,24.6744,177.931,154.1635,0.6333913797960941,3.7132518093983338,1.9516576928344787,0.4136843369402663,1.7224130074036783,-0.6819676316469065
3,17,26.7572,138.4085,128.9775,0.6991767730695864,5.499529775353525,1.8295337520800212,-0.29165715337432185,-2.687426850860671,-1.1744489418434425
3,18,28.6939,150.6624,141.2236,0.6067971572115347,5.281422747707288,1.5416883731805204,0.4138898826480854,3.8015953513048566,0.9364697828754154
3,19,28.4926,141.3767,131.1927,0.641362019455471,4.6974032305093845,1.5195284498817387,0.4322868421631353,2.298897637288036,0.738967857352446
3,2,28.1606,148.3975,117.1534,0.9275816082695905,5.190673727947076,3.052321811342965,0.8273430039754192,-2.9848924476342185,-1.2085821238506984
3,20,29.9527,135.7708,126.9343,0.5470490928609607,4.851707674623441,1.3761480697948167,-0.292903056040077,-1.6277574392788987,0.762572264813614
3,21,27.6148,140.932,127.5251,0.6418885884637614,4.64861011486229,2.025776391905089,-0.5006830297372162,-0.544160888109567,1.1223646115586514
3,22,28.0536,113.8314,128.9724,0.686095503556174,4.882189471948011,1.8853217868576175,0.6491532179024315,-2.9729898762140285,-1.3105398565769775
3,23,27.954,156.4661,139.5756,0.41168434509949486,4.052363605354287,1.398743950835892,-0.18482693335074668,3.7820353773275555,-0.6668664827248133
3,24,29.6383,138.5737,112.0031,1.1303420323070357,6.685728704486894,1.5332613573686646,0.9157011070785429,4.6089975562326515,1.2855271829594475
3,25,29.6204,170.0262,122.6383,0.6170120258147325,4.616396165841922,1.5168629173395993,0.18215953615972458,3.2710765435927196,1.0227764602245895
3,26,28.754,148.0963,139.8389,0.5210412651604477,2.902692941046297,1.4563470705844812,-0.4609775556350146,2.6892044239005664,0.7420097824079858
3,27,29.5674,127.1797,127.2887,0.6696695005747237,4.316504130659439,1.453462180450527,0.4726152145498283,1.3462766772891543,0.8452822679909876
3,28,25.5949,195.8084,154.3908,0.5723582706661974,3.4228189318162885,2.7878800835043105,0.30900241476522533,-2.3036858334893555,-1.4674004098201747
3,29,25.7643,208.5544,148.4073,0.5467590968607655,3.5509210974055736,1.9397955330395005,-0.29480476054243604,-1.189811052464532,-1.141919883791783
3,3,27.4574,149.2068,124.6915,0.645124205095422,3.999854217343427,2.435842308114382,0.5863741843732344,-2.426914661649128,-1.3910387708558927
3,30,26.3251,204.966,157.0518,0.5077499286065927,3.1676874845855614,1.690478263687528,0.4878373305883655,2.1411485516498883,-1.0435517666988796
3,31,26.1983,205.2925,155.0533,0.4803926623086576,3.0524651922667356,1.833264604469306,0.4556697750455825,2.1533662900517467,-1.2706341081068107
3,32,25.5969,190.2827,121.9864,0.7459292124591984,5.220208876089155,5.246619391570157,0.6423696709455884,4.05388519751235,2.0675358457670674
3,33,31.0701,139.9561,135.5716,1.0493740944010388,17.23661720843159,5.8832366466087365,0.8968515974593582,-12.084716302349218,6.502387869367537
3,34,31.0819,95.3565,160.527,3.174963368292617,54.9508581165936,21.747815315566754,-3.337467146484124,-36.13047893509101,17.25155800831176
3,35,32.032,161.8901,140.8277,0.8097999753025434,4.880657946424846,1.8100311350913276,0.3397366357275642,-3.8151758684643395,-1.1193040239544338
3,36,31.3041,161.2086,136.4568,0.6583488361043863,5.108765608246282,2.130712031223365,0.6658177332528967,-1.2823117759986604,-0.6423513466632922
3,37,27.0907,152.2958,125.8136,0.5618482980307051,4.316515071211961,2.1637594690722906,0.5261535876604998,-1.316435692623577,-1.1868542486132354
3,38,28.5658,133.4393,133.7605,0.6940247546017361,4.451911444537055,1.5572218050104487,0.5400221534395686,-2.742315409108637,-0.8731331123479553
3,39,27.5901,157.7043,124.6155,0.6473654223079883,4.600137118608531,2.189168734931138,0.4801789052460487,1.2314180764956741,0.7181943552434588
3,4,49.593,39.0802,165.7331,43.05043729162341,40.42985490896548,16.91732438626156,45.60735004244151,35.04333972074462,-13.657877366829414
3,40,30.8378,145.3739,125.8343,0.9579619825441925,5.089469401617422,2.0643748472600607,0.9596670620296399,1.9138754399608326,1.3079420183841302
3,41,27.875,179.873,136.7747,0.46300647943630335,3.6045625254668563,2.263567960101927,-0.5498691148608538,2.3236088943676023,1.6960545241392855
3,42,27.4255,178.0612,140.6898,0.5666125219230511,2.9630144380343477,2.230779227086356,0.20679262879856994,-2.032351943947893,0.9374581112980731
3,43,26.9287,181.0701,143.6092,0.6497817402789956,3.5955508604384945,2.781236300640418,0.4619428472712744,2.9445134091987906,0.8151897742053393
3,44,32.5307,155.101,126.7406,0.8102206551304404,4.116649001311625,1.6161409715739528,-0.8778605358198035,1.689145326278935,-0.6643028940948349
3,45,31.8957,151.2112,124.514,0.8582665728082388,4.256147854574603,2.7985717786042223,-0.20705257452421316,-3.3334868502161887,0.7971004870604823
3,46,32.2222,150.6116,122.1134,1.0360632992245213,3.961709913661019,2.5900850256313976,-1.0049478747926297,-1.717356745630639,0.6244496644222869
3,47,34.4716,164.0725,137.2116,0.51806702269108,3.43767999528752,1.0362554897321412,0.18361050438044432,-2.6704233546105054,0.5318734149990695
3,48,30.7425,205.1598,148.3171,0.46281070644487043,3.572095177903299,1.9013541463914603,-0.4216441013578864,-2.0770099606026133,0.7232497955062003
3,49,24.3544,179.9407,137.4784,0.6038216955360249,10.27660369528766,2.8001666807531294,-0.1727557070975169,-14.881904258237439,3.5634628008698916
3,5,31.234,176.4913,143.126,0.5453842681999547,4.021234177463431,1.333313166514154,0.3746370604018033,1.8507054648663612,-0.5199655401227717
3,50,24.9352,163.3497,140.1204,0.735663618782389,3.6617768787843974,2.0507325130304053,0.5422965344192614,1.8473018861060748,-1.6411430318128573
3,51,26.6254,177.1584,166.4767,0.5132980031132012,3.7102708041327657,3.281776517375916,-0.3740656320327292,-2.690180589332338,2.42510196992557
3,52,28.2728,155.3566,128.7933,0.5585518418195397,3.8298872620483224,2.2397265703652307,0.4808401154048682,3.5989139751598254,1.6256775639712893
3,53,28.3036,159.5503,130.0103,0.5163594097138156,4.700773331059476,2.0297768128540636,0.3658618062288225,4.041004670142057,1.1624460610463054
3,54,28.0471,202.9167,146.7033,0.5472491114657018,4.8688151649040865,2.8597323493641853,0.16725420811154412,3.368405346707562,0.8487955628213089
3,55,29.0535,185.2587,143.2404,0.5596764690426068,14.215750923183762,3.9089138951887903,0.5525197997313229,-20.770536733564995,4.846675066771571
3,56,25.3962,111.8463,170.435,5.252487559242764,58.28938905418378,16.472151498817635,-5.462882116667705,-46.72919152538042,13.47749138238703
3,57,28.1426,163.02,175.6029,7.954901962940837,28.495985682197414,9.658810050415113,20.084399598745364,-41.94396265926671,16.69620960057864
3,58,27.4571,204.799,167.3572,0.5155187581456178,3.1210253122972267,2.02104135534135,0.09114635796907178,-0.9009773752502552,-1.1694710905950096
3,59,29.3293,107.9933,132.2093,1.0379120916532383,4.41228456811208,1.491741770548777,1.2139493838096387,2.0435300462784687,0.989513588456386
3,6,28.0772,168.0067,157.1274,0.682817808789431,10.01459210901772,3.1362986528709285,0.22478946097000563,-9.383379300649837,-1.6255441960978156
3,60,26.2028,155.7244,129.8836,0.653966482321533,4.589580006928739,2.0989642779237574,-0.2636970243283172,1.146403576276118,1.1429895989666212
3,61,60.4494,62.9834,171.9188,50.098201960150234,53.75907294996818,31.03010484287799,44.19578279366007,34.427589608618206,17.08012034436288
3,62,25.6218,163.4062,142.3424,0.677174098736802,4.926926177648697,2.7012149562743057,-0.416048532645165,1.5019157998995376,0.3604445589427045
3,63,26.5803,161.5971,137.1344,0.7103181751863034,4.39374232175716,2.202983576879319,-0.1141995260801762,2.3328383859146538,1.0464087716348027
3,64,31.8226,77.0055,147.2541,24.97635940724749,50.72462784240018,20.33720563868104,38.76289909335215,41.71014664897951,19.344541670226096
3,65,33.6934,139.192,151.2244,0.5853173839892336,4.486372253837169,1.3625140880005608,-0.40012142770121345,3.1192373415316967,0.2044161501120937
3,66,30.6717,151.4384,132.812,0.608374152968385,3.8636777091263705,1.379150463147513,0.41411050133249516,3.6987926216412035,-0.517756289305546
3,67,28.7705,142.8083,135.5389,0.9366054398731624,40.08139657135215,10.24471018574952,-0.7116680313095202,-40.12661507426183,11.134770507974764
3,68,28.1578,177.0137,143.4355,0.5738459375128485,4.909695745155702,2.0929022313524346,0.569370830452623,2.218154006965024,0.6595587253473213
3,69,28.3539,175.1282,142.3661,0.7236399588193012,8.187854710484304,2.2916524147435626,0.7768420585472259,-10.508579117078332,1.95817491824689
3,7,27.0124,191.2749,159.373,0.30601673156871667,7.161349732417765,3.11295213583505,0.24615147680475882,6.709368671581242,-2.4601650233006134
3,70,28.7371,133.2783,142.4953,1.652750310845531,66.1833472189946,17.10805009081982,-2.2420247237321984,-59.15711564206379,15.763060890535165
3,71,30.8594,227.8227,141.9457,0.35500935198949335,2.1500848146061586,1.4529113909664277,-0.4390966708755003,0.9506644349666858,-0.8925583485778208
3,72,31.0453,224.5167,144.3122,0.27064351091426525,2.383426338278572,1.3604893090355397,0.34884695208580246,1.2929133551746148,-0.7056762261078882
3,73,30.9701,148.6791,139.2213,0.8805713997172517,32.174271136888244,9.392759249017299,0.8280083121496312,-41.06844796618643,11.500104844526659
3,74,31.5557,164.6097,126.3472,0.8764117240201662,9.830349226248272,3.6532248986340816,0.8369176038044517,-6.051160906479661,1.7678337378647009
3,75,26.6283,194.8136,159.6715,0.48819986685782696,2.887534422305646,1.5275430435833877,-0.3793100491175147,2.563504163204784,0.9017672279322609
3,76,24.8803,99.3563,153.3636,0.48905205244431804,2.61280506544212,1.6656515361863657,0.4083689018474156,1.939873377066438,-1.1628871386345958
3,77,25.2131,169.5843,146.3142,0.5452415886558911,2.589612617748068,1.5402851554176586,0.7381340364246441,-2.0411072361176217,-1.362026326525953
3,78,25.1745,178.3204,139.9251,0.44005653045943993,3.08044539636722,1.6277254037459759,0.6044217658990508,-1.6904722012637918,-1.6823478380508898
3,8,28.7856,145.9546,142.3417,0.5598505514867339,2.9263866525119333,1.6992177935744435,-0.390056366974477,2.2171710582149973,-0.6943835498409462
3,9,28.3234,156.8984,141.955,0.6373479740298857,3.1139809633329487,1.8850928359102106,0.6697816722415664,2.629605256036055,-0.936361462318302
4,1,30.9508,175.624,124.8958,0.5222828352530839,4.872640352006292,1.446078268974401,-0.31420111993958816,-2.275258610990865,-0.7468475275972924
4,10,31.849,143.3402,122.6412,1.3532919123382066,2.4205503423808397,1.711275126915599,-1.0187570731213789,-1.4464573171190331,0.6314588624361253
4,11,26.8221,165.7655,95.5639,1.0261830197386819,5.17145141618869,2.9566732639911364,-0.7924583540643964,3.6083892754355924,-1.2284655697352902
4,12,32.9196,151.1667,108.9269,0.7954469435480911,4.6872711794817254,1.457928801416585,-0.6202915702208442,2.6857324661098754,-0.5371394988473823
4,13,34.2302,144.4438,121.596,0.9793916274912706,5.61738743189394,2.2449017795885857,0.565427890255022,4.010742115732761,0.6780357618121741
4,14,32.8461,155.1262,135.2513,0.6494727015048438,4.555488289964095,2.7933399918377284,-0.6880297766585042,2.5618951417770326,1.8429326686712757
4,15,30.5779,179.8463,127.7818,1.0250519938032412,24.59637526770967,7.608665373112423,1.1496397859288794,-24.31692725536487,7.285502934447468
4,16,71.5082,63.8436,163.8445,33.25512190264832,34.37600237142184,42.31178937069431,7.914594781779099,26.599214527002726,25.915299313392538
4,17,56.7853,72.1585,158.6399,31.215826176957098,31.33830846982651,35.13670485389887,30.548419855475927,-8.4948530598052,35.5028837547698
4,18,55.9182,77.4604,141.4875,27.631780774318543,45.20250249532652,27.392518025000914,26.65757133411822,24.67476291007994,31.50647630461201
4,19,29.0324,173.1042,127.2475,0.5057175496262711,4.934647136320894,1.3950067204139198,0.43744222705623104,2.7680651587629064,0.9410617223840684
4,2,31.6891,165.473,123.9199,0.9628297824641697,4.077090997267537,1.4701306030417842,0.7141361055922387,3.111790205062646,0.4735159074578902
4,20,29.1147,175.2995,127.7364,0.4851225721402788,4.216206796398867,1.3321843115725391,0.514267859707814,-2.6168267820157416,0.8510303027030953
4,21,28.861,177.1793,132.0153,0.6037209620346141,4.929518385197483,1.6606823627653782,-0.3281210575852875,-3.160180907547664,0.6398098174769505
4,22,32.5623,123.6919,123.9892,6.4422138050518,34.669395356567726,13.223134399982479,12.661098618810229,-46.65160136736969,16.191990379348812
4,23,30.6183,110.651,128.0849,1.8947308806265866,34.52698653227645,13.766941998497705,1.8986903801594273,-36.78938325760437,9.478716267439795
4,24,30.2677,146.2615,126.9429,0.5826119720706056,7.349797123050404,4.112303440895382,0.7309352592938854,-5.532873031538537,4.017542685473475
4,3,31.4877,171.3049,127.7038,0.769187044872702,4.966984597318579,1.484272737740608,0.80725622371223,-2.652699272943799,1.0019399002681944
4,4,27.9224,159.21,156.6946,0.7363275358154142,14.060743223599527,3.5774195784112326,-0.27105039912670464,-12.640571113301979,1.327377695733703
4,5,26.7498,184.8186,153.3717,0.5863445744611269,4.030098514924914,2.9163914534917974,0.28892499334171673,2.4522511053927283,-2.1294827110013292
4,6,30.2347,90.4499,122.7953,1.6916311388715923,13.220094174778028,4.570448327024385,1.2226949298990115,-11.341376579015975,4.019694765203277
4,7,30.4501,101.6852,118.1673,1.6271785366086906,10.92805110529778,2.539706815756496,1.4478543671199304,-10.038639118214675,-1.1571683742735366
4,8,28.6304,55.4169,145.2158,12.120272102556113,25.273711527791086,14.54861609775995,25.02684269545147,-22.074299827188494,11.719906750105048
4,9,105.6967,57.3236,228.0783,22.160173941329973,11.925178532835474,37.323340808534276,-32.51532600873089,-16.345852353279895,-51.08576758064622
5,1,50.0002,143.4901,71.4765,0.5471745242607701,4.053776262942986,1.4821092233705313,0.568381950681479,-3.4864513179987724,0.6573151136726441
5,2,43.0315,183.2762,98.6533,0.5896674910489809,3.6508784641507854,1.7603690266532186,0.4954390034624939,2.968015464268123,1.64651712390752
5,3,37.3589,147.5787,123.8258,0.6503005382129097,5.859676297373431,2.520129829988923,0.5371036757543206,3.8168710543523026,1.3560763530504936
5,4,37.115,126.4062,131.4043,2.7284015466935947,39.863090717604926,15.663717359235003,3.6401482940328678,-49.94644581304298,21.199054427525088
5,5,70.3131,7.5879,197.4545,54.872283243819915,12.283194763171348,21.38996796982174,23.602103292891698,17.16889927438289,-28.793057634208893
5,6,27.1443,120.0856,176.07,0.3683442818885614,2.3927124022748743,2.9487454959694293,0.4354358086469389,2.1181773616128843,-0.7697643625963834
